Workbook

Sheet Descriptivas ingreso
A1: Estadísticos
A2: IPCF MONTO DEL INGRESO PER CÁPITA FAMILIAR. | I2: Media | J2: Recuento | K2: Suma
A3: N | B3: Válido | C3: 12256734 | F3: NIPCF Percentile Group of IPCF | G3: 1 | H3: IPCF MONTO DEL INGRESO PER CÁPITA FAMILIAR. | I3: 28212.66 | J3: 2895949 | K3: 8.1702425e+10 | L3: =+(K3+K4+K5+K6)/K13 -> 0.14679123
B4: Perdidos | C4: 0 | G4: 2 | H4: IPCF MONTO DEL INGRESO PER CÁPITA FAMILIAR. | I4: 48823.96 | J4: 3011444 | K4: 1.4703062e+11
A5: Media | C5: 103831.44 | D5: =+C8/C5 -> 0.77164622 | G5: 3 | H5: IPCF MONTO DEL INGRESO PER CÁPITA FAMILIAR. | I5: 67402.405 | J5: 2956323 | K5: 1.9926328e+11
A6: Mediana | C6: 86666.67 | G6: 4 | H6: IPCF MONTO DEL INGRESO PER CÁPITA FAMILIAR. | I6: 84744.416 | J6: 2944521 | K6: 2.4953171e+11
A7: Moda | C7: 100000 | G7: 5 | H7: IPCF MONTO DEL INGRESO PER CÁPITA FAMILIAR. | I7: 102998.52 | J7: 2940683 | K7: 3.0288599e+11
A8: Desv. Desviación | C8: 80121.141 | G8: 6 | H8: IPCF MONTO DEL INGRESO PER CÁPITA FAMILIAR. | I8: 123761.52 | J8: 2959973 | K8: 3.6633077e+11
G9: 7 | H9: IPCF MONTO DEL INGRESO PER CÁPITA FAMILIAR. | I9: 151369.55 | J9: 3001636 | K9: 4.543563e+11
A10: Estadísticos | G10: 8 | H10: IPCF MONTO DEL INGRESO PER CÁPITA FAMILIAR. | I10: 190418.4 | J10: 2919492 | K10: 5.55925e+11
A11: IPCF MONTO DEL INGRESO PER CÁPITA FAMILIAR. | G11: 9 | H11: IPCF MONTO DEL INGRESO PER CÁPITA FAMILIAR. | I11: 252024.79 | J11: 3074491 | K11: 7.7484793e+11
A12: N | B12: Válido | C12: 6034289 | G12: 10 | H12: IPCF MONTO DEL INGRESO PER CÁPITA FAMILIAR. | I12: 525372.84 | J12: 2824119 | K12: 1.4837154e+12 | L12: =+K12/K13 -> 0.32145741
B13: Perdidos | C13: 0 | G13: Total | H13: IPCF MONTO DEL INGRESO PER CÁPITA FAMILIAR. | I13: 156308.95 | J13: 29528631 | K13: 4.6155894e+12
A14: Media | C14: 271356.7 | D14: =+C17/C14 -> 0.95187185 | L14: =+L12/L3 -> 2.1898952
A15: Mediana | C15: 201666.67
A16: Moda | C16: 300000
A17: Desv. Desviación | C17: 258296.8

Sheet Cálculo Gini
D1: Media | E1: Recuento | F1: Ingreso total | G1: Pi | H1: Qi | I1: Pi Acum | J1: Qi Acum | K1: Pi-Qi
A2: NTI002 Percentile Group of ipcf_m | B2: 1 | C2: ipcf_m Ingreso per cápita familiar con ingresos imputados | D2: 8500.4342 | E2: 298120 | F2: =D2*E2 -> 2.5341494e+09 | G2: =+E2/E$101 -> 0.010095964 | H2: =F2/F$101 -> 0.00054904134 | I2: =+G2 -> 0.010095964 | J2: =+H2 -> 0.00054904134 | K2: =I2-J2 -> 0.0095469228 | M2: 18000 | N2: =+M2*E2 -> 5366160000 | O2: =+N2-F2 -> 2.8320106e+09
B3: 2 | C3: ipcf_m Ingreso per cápita familiar con ingresos imputados | D3: 19131.602 | E3: 299409 | F3: =D3*E3 -> 5.7281739e+09 | G3: =+E3/E$101 -> 0.010139617 | H3: =F3/F$101 -> 0.0012410493 | I3: =+G3+I2 -> 0.020235581 | J3: =+H3+J2 -> 0.0017900906 | K3: =I3-J3 -> 0.01844549 | M3: 23000 | N3: =+M3*E3 -> 6886407000 | O3: =+N3-F3 -> 1.1582331e+09
B4: 3 | C4: ipcf_m Ingreso per cápita familiar con ingresos imputados | D4: 24126.537 | E4: 297954 | F4: =D4*E4 -> 7.1885984e+09 | G4: =+E4/E$101 -> 0.010090342 | H4: =F4/F$101 -> 0.0015574605 | I4: =+G4+I3 -> 0.030325923 | J4: =+H4+J3 -> 0.0033475511 | K4: =I4-J4 -> 0.026978372 | M4: 26500 | N4: =+M4*E4 -> 7895781000 | O4: =+N4-F4 -> 7.0718265e+08
B5: 4 | C5: ipcf_m Ingreso per cápita familiar con ingresos imputados | D5: 27184.616 | E5: 299681 | F5: =D5*E5 -> 8.146713e+09 | G5: =+E5/E$101 -> 0.010148828 | H5: =F5/F$101 -> 0.0017650428 | I5: =+G5+I4 -> 0.040474751 | J5: =+H5+J4 -> 0.005112594 | K5: =I5-J5 -> 0.035362157 | M5: 29000 | N5: =+M5*E5 -> 8690749000 | O5: =+N5-F5 -> 5.4403601e+08
B6: 5 | C6: ipcf_m Ingreso per cápita familiar con ingresos imputados | D6: 29996.825 | E6: 295198 | F6: =D6*E6 -> 8.8550026e+09 | G6: =+E6/E$101 -> 0.0099970093 | H6: =F6/F$101 -> 0.0019184988 | I6: =+G6+I5 -> 0.050471761 | J6: =+H6+J5 -> 0.0070310927 | K6: =I6-J6 -> 0.043440668
B7: 6 | C7: ipcf_m Ingreso per cápita familiar con ingresos imputados | D7: 31768.947 | E7: 296622 | F7: =D7*E7 -> 9.4233685e+09 | G7: =+E7/E$101 -> 0.010045234 | H7: =F7/F$101 -> 0.0020416392 | I7: =+G7+I6 -> 0.060516995 | J7: =+H7+J6 -> 0.0090727319 | K7: =I7-J7 -> 0.051444263
B8: 7 | C8: ipcf_m Ingreso per cápita familiar con ingresos imputados | D8: 33302.315 | E8: 301365 | F8: =D8*E8 -> 1.0036152e+10 | G8: =+E8/E$101 -> 0.010205857 | H8: =F8/F$101 -> 0.0021744031 | I8: =+G8+I7 -> 0.070722852 | J8: =+H8+J7 -> 0.011247135 | K8: =I8-J8 -> 0.059475717
B9: 8 | C9: ipcf_m Ingreso per cápita familiar con ingresos imputados | D9: 35185.628 | E9: 297694 | F9: =D9*E9 -> 1.047455e+10 | G9: =+E9/E$101 -> 0.010081537 | H9: =F9/F$101 -> 0.0022693852 | I9: =+G9+I8 -> 0.080804389 | J9: =+H9+J8 -> 0.01351652 | K9: =I9-J9 -> 0.067287869
B10: 9 | C10: ipcf_m Ingreso per cápita familiar con ingresos imputados | D10: 37112.296 | E10: 297995 | F10: =D10*E10 -> 1.1059279e+10 | G10: =+E10/E$101 -> 0.010091731 | H10: =F10/F$101 -> 0.0023960707 | I10: =+G10+I9 -> 0.09089612 | J10: =+H10+J9 -> 0.015912591 | K10: =I10-J10 -> 0.07498353
B11: 10 | C11: ipcf_m Ingreso per cápita familiar con ingresos imputados | D11: 39258.353 | E11: 296640 | F11: =D11*E11 -> 1.1645598e+10 | G11: =+E11/E$101 -> 0.010045843 | H11: =F11/F$101 -> 0.0025231009 | I11: =+G11+I10 -> 0.10094196 | J11: =+H11+J10 -> 0.018435692 | K11: =I11-J11 -> 0.082506272
B12: 11 | C12: ipcf_m Ingreso per cápita familiar con ingresos imputados | D12: 40356.134 | E12: 299907 | F12: =D12*E12 -> 1.2103087e+10 | G12: =+E12/E$101 -> 0.010156482 | H12: =F12/F$101 -> 0.0026222192 | I12: =+G12+I11 -> 0.11109845 | J12: =+H12+J11 -> 0.021057911 | K12: =I12-J12 -> 0.090040534
B13: 12 | C13: ipcf_m Ingreso per cápita familiar con ingresos imputados | D13: 42797.303 | E13: 297979 | F13: =D13*E13 -> 1.2752698e+10 | G13: =+E13/E$101 -> 0.010091189 | H13: =F13/F$101 -> 0.0027629619 | I13: =+G13+I12 -> 0.12118963 | J13: =+H13+J12 -> 0.023820873 | K13: =I13-J13 -> 0.097368762
B14: 13 | C14: ipcf_m Ingreso per cápita familiar con ingresos imputados | D14: 44514.886 | E14: 298758 | F14: =D14*E14 -> 1.3299178e+10 | G14: =+E14/E$101 -> 0.01011757 | H14: =F14/F$101 -> 0.0028813607 | I14: =+G14+I13 -> 0.1313072 | J14: =+H14+J13 -> 0.026702234 | K14: =I14-J14 -> 0.10460497
B15: 14 | C15: ipcf_m Ingreso per cápita familiar con ingresos imputados | D15: 46458.175 | E15: 296531 | F15: =D15*E15 -> 1.3776289e+10 | G15: =+E15/E$101 -> 0.010042152 | H15: =F15/F$101 -> 0.0029847302 | I15: =+G15+I14 -> 0.14134936 | J15: =+H15+J14 -> 0.029686964 | K15: =I15-J15 -> 0.11166239
B16: 15 | C16: ipcf_m Ingreso per cápita familiar con ingresos imputados | D16: 48389.47 | E16: 301095 | F16: =D16*E16 -> 1.4569828e+10 | G16: =+E16/E$101 -> 0.010196714 | H16: =F16/F$101 -> 0.0031566559 | I16: =+G16+I15 -> 0.15154607 | J16: =+H16+J15 -> 0.03284362 | K16: =I16-J16 -> 0.11870245
B17: 16 | C17: ipcf_m Ingreso per cápita familiar con ingresos imputados | D17: 50081.646 | E17: 297223 | F17: =D17*E17 -> 1.4885417e+10 | G17: =+E17/E$101 -> 0.010065587 | H17: =F17/F$101 -> 0.0032250306 | I17: =+G17+I16 -> 0.16161166 | J17: =+H17+J16 -> 0.03606865 | K17: =I17-J17 -> 0.12554301
... B99: 98 | C99: ipcf_m Ingreso per cápita familiar con ingresos imputados | D99: 679969.96 | E99: 297882 | F99: =D99*E99 -> 2.0255081e+11 | G99: =+E99/E$101 -> 0.010087904 | H99: =F99/F$101 -> 0.043884062 | I99: =+G99+I98 -> 0.98988351 | J99: =+H99+J98 -> 0.91622213 | K99: =I99-J99 -> 0.073661388
B100: 99 | C100: ipcf_m Ingreso per cápita familiar con ingresos imputados | D100: 1294444.6 | E100: 298726 | F100: =D100*E100 -> 3.8668427e+11 | G100: =+E100/E$101 -> 0.010116487 | H100: =F100/F$101 -> 0.083777874 | I100: =+G100+I99 -> 1 | J100: =+H100+J99 -> 1 | K100: =I100-J100 -> 0 | M100: =+N100/E100 -> 1276898.6 | N100: =+F100-O2-O3-O4-O5 -> 3.8144281e+11
E101: =SUM(E2:E100) -> 29528631 | F101: =SUM(F2:F100) -> 4.6155894e+12
I103: Gini Num | J103: Sum (Pi-Qi) | K103: =SUM(K2:K100) -> 21.532593
I104: Gini Den | J104: Sum (Pi)-1 | K104: =SUM(I2:I100)-1 -> 49.00038
I106: Gini | K106: =SUM(K103/K104) -> 0.43943726
A110: Qi | B110: Participación del caso i-ésimo en el ingreso total
A111: Pi | B111: Porcentaje del caso i-ésimo en la distribución general
A112: Pi Acum | B112: Distribución acumulada de casos
A113: Qi Acum | B113: Participación relativa en el ingreso acumulada
A114: Pi-Qi | B114: Diferencia entre el porcentaje acumulado de casos y el porcentaje de participación en el ingreso

Sheet Simulaciones Gini
D1: Media | E1: Recuento | F1: Ingreso total | G1: Pi | H1: Qi | I1: Pi Acum | J1: Qi Acum | K1: Pi-Qi
A2: NTI002 Percentile Group of ipcf_m | B2: 1 | C2: ipcf_m Ingreso per cápita familiar con ingresos imputados | D2: =+'Cálculo Gini'!M2 -> 18000 | E2: 298120 | F2: =D2*E2 -> 5366160000 | G2: =+E2/E$101 -> 0.010095964 | H2: =F2/F$101 -> 0.0011626164 | I2: =+G2 -> 0.010095964 | J2: =+H2 -> 0.0011626164 | K2: =I2-J2 -> 0.0089333477 | M2: EN ESTA HOJA VEMOS QUÉ PASA SI LA MASA DE INGRESO PERMANECE IGUAL, PERO EL P99 PIERDE INGRESOS A FAVOR DE LOS P1 A 4
B3: 2 | C3: ipcf_m Ingreso per cápita familiar con ingresos imputados | D3: =+'Cálculo Gini'!M3 -> 23000 | E3: 299409 | F3: =D3*E3 -> 6886407000 | G3: =+E3/E$101 -> 0.010139617 | H3: =F3/F$101 -> 0.0014919886 | I3: =+G3+I2 -> 0.020235581 | J3: =+H3+J2 -> 0.002654605 | K3: =I3-J3 -> 0.017580976
B4: 3 | C4: ipcf_m Ingreso per cápita familiar con ingresos imputados | D4: =+'Cálculo Gini'!M4 -> 26500 | E4: 297954 | F4: =D4*E4 -> 7895781000 | G4: =+E4/E$101 -> 0.010090342 | H4: =F4/F$101 -> 0.0017106766 | I4: =+G4+I3 -> 0.030325923 | J4: =+H4+J3 -> 0.0043652817 | K4: =I4-J4 -> 0.025960642
B5: 4 | C5: ipcf_m Ingreso per cápita familiar con ingresos imputados | D5: =+'Cálculo Gini'!M5 -> 29000 | E5: 299681 | F5: =D5*E5 -> 8690749000 | G5: =+E5/E$101 -> 0.010148828 | H5: =F5/F$101 -> 0.0018829121 | I5: =+G5+I4 -> 0.040474751 | J5: =+H5+J4 -> 0.0062481937 | K5: =I5-J5 -> 0.034226558
B6: 5 | C6: ipcf_m Ingreso per cápita familiar con ingresos imputados | D6: 29996.825 | E6: 295198 | F6: =D6*E6 -> 8.8550026e+09 | G6: =+E6/E$101 -> 0.0099970093 | H6: =F6/F$101 -> 0.0019184988 | I6: =+G6+I5 -> 0.050471761 | J6: =+H6+J5 -> 0.0081666925 | K6: =I6-J6 -> 0.042305068
B7: 6 | C7: ipcf_m Ingreso per cápita familiar con ingresos imputados | D7: 31768.947 | E7: 296622 | F7: =D7*E7 -> 9.4233685e+09 | G7: =+E7/E$101 -> 0.010045234 | H7: =F7/F$101 -> 0.0020416392 | I7: =+G7+I6 -> 0.060516995 | J7: =+H7+J6 -> 0.010208332 | K7: =I7-J7 -> 0.050308663
B8: 7 | C8: ipcf_m Ingreso per cápita familiar con ingresos imputados | D8: 33302.315 | E8: 301365 | F8: =D8*E8 -> 1.0036152e+10 | G8: =+E8/E$101 -> 0.010205857 | H8: =F8/F$101 -> 0.0021744031 | I8: =+G8+I7 -> 0.070722852 | J8: =+H8+J7 -> 0.012382735 | K8: =I8-J8 -> 0.058340117
B9: 8 | C9: ipcf_m Ingreso per cápita familiar con ingresos imputados | D9: 35185.628 | E9: 297694 | F9: =D9*E9 -> 1.047455e+10 | G9: =+E9/E$101 -> 0.010081537 | H9: =F9/F$101 -> 0.0022693852 | I9: =+G9+I8 -> 0.080804389 | J9: =+H9+J8 -> 0.01465212 | K9: =I9-J9 -> 0.066152269
B10: 9 | C10: ipcf_m Ingreso per cápita familiar con ingresos imputados | D10: 37112.296 | E10: 297995 | F10: =D10*E10 -> 1.1059279e+10 | G10: =+E10/E$101 -> 0.010091731 | H10: =F10/F$101 -> 0.0023960707 | I10: =+G10+I9 -> 0.09089612 | J10: =+H10+J9 -> 0.017048191 | K10: =I10-J10 -> 0.07384793
B11: 10 | C11: ipcf_m Ingreso per cápita familiar con ingresos imputados | D11: 39258.353 | E11: 296640 | F11: =D11*E11 -> 1.1645598e+10 | G11: =+E11/E$101 -> 0.010045843 | H11: =F11/F$101 -> 0.0025231009 | I11: =+G11+I10 -> 0.10094196 | J11: =+H11+J10 -> 0.019571292 | K11: =I11-J11 -> 0.081370672
B12: 11 | C12: ipcf_m Ingreso per cápita familiar con ingresos imputados | D12: 40356.134 | E12: 299907 | F12: =D12*E12 -> 1.2103087e+10 | G12: =+E12/E$101 -> 0.010156482 | H12: =F12/F$101 -> 0.0026222192 | I12: =+G12+I11 -> 0.11109845 | J12: =+H12+J11 -> 0.022193511 | K12: =I12-J12 -> 0.088904935
B13: 12 | C13: ipcf_m Ingreso per cápita familiar con ingresos imputados | D13: 42797.303 | E13: 297979 | F13: =D13*E13 -> 1.2752698e+10 | G13: =+E13/E$101 -> 0.010091189 | H13: =F13/F$101 -> 0.0027629619 | I13: =+G13+I12 -> 0.12118963 | J13: =+H13+J12 -> 0.024956473 | K13: =I13-J13 -> 0.096233162
B14: 13 | C14: ipcf_m Ingreso per cápita familiar con ingresos imputados | D14: 44514.886 | E14: 298758 | F14: =D14*E14 -> 1.3299178e+10 | G14: =+E14/E$101 -> 0.01011757 | H14: =F14/F$101 -> 0.0028813607 | I14: =+G14+I13 -> 0.1313072 | J14: =+H14+J13 -> 0.027837833 | K14: =I14-J14 -> 0.10346937
B15: 14 | C15: ipcf_m Ingreso per cápita familiar con ingresos imputados | D15: 46458.175 | E15: 296531 | F15: =D15*E15 -> 1.3776289e+10 | G15: =+E15/E$101 -> 0.010042152 | H15: =F15/F$101 -> 0.0029847302 | I15: =+G15+I14 -> 0.14134936 | J15: =+H15+J14 -> 0.030822564 | K15: =I15-J15 -> 0.11052679
B16: 15 | C16: ipcf_m Ingreso per cápita familiar con ingresos imputados | D16: 48389.47 | E16: 301095 | F16: =D16*E16 -> 1.4569828e+10 | G16: =+E16/E$101 -> 0.010196714 | H16: =F16/F$101 -> 0.0031566559 | I16: =+G16+I15 -> 0.15154607 | J16: =+H16+J15 -> 0.033979219 | K16: =I16-J16 -> 0.11756685
B17: 16 | C17: ipcf_m Ingreso per cápita familiar con ingresos imputados | D17: 50081.646 | E17: 297223 | F17: =D17*E17 -> 1.4885417e+10 | G17: =+E17/E$101 -> 0.010065587 | H17: =F17/F$101 -> 0.0032250306 | I17: =+G17+I16 -> 0.16161166 | J17: =+H17+J16 -> 0.03720425 | K17: =I17-J17 -> 0.12440741
... B99: 98 | C99: ipcf_m Ingreso per cápita familiar con ingresos imputados | D99: 679969.96 | E99: 297882 | F99: =D99*E99 -> 2.0255081e+11 | G99: =+E99/E$101 -> 0.010087904 | H99: =F99/F$101 -> 0.043884062 | I99: =+G99+I98 -> 0.98988351 | J99: =+H99+J98 -> 0.91735773 | K99: =I99-J99 -> 0.072525788
B100: 99 | C100: ipcf_m Ingreso per cápita familiar con ingresos imputados | D100: =+'Cálculo Gini'!M100 -> 1276898.6 | E100: 298726 | F100: =D100*E100 -> 3.8144281e+11 | G100: =+E100/E$101 -> 0.010116487 | H100: =F100/F$101 -> 0.082642274 | I100: =+G100+I99 -> 1 | J100: =+H100+J99 -> 1 | K100: =I100-J100 -> 0
E101: =SUM(E2:E100) -> 29528631 | F101: =SUM(F2:F100) -> 4.6155894e+12
I103: Gini Num | J103: Sum (Pi-Qi) | K103: =SUM(K2:K100) -> 21.422215
I104: Gini Den | J104: Sum (Pi)-1 | K104: =SUM(I2:I100)-1 -> 49.00038
I106: Gini | K106: =SUM(K103/K104) -> 0.43718467
A110: Qi | B110: Participación del caso i-ésimo en el ingreso total
A111: Pi | B111: Porcentaje del caso i-ésimo en la distribución general
A112: Pi Acum | B112: Distribución acumulada de casos
A113: Qi Acum | B113: Participación relativa en el ingreso acumulada
A114: Pi-Qi | B114: Diferencia entre el porcentaje acumulado de casos y el porcentaje de participación en el ingreso
